date,title,description,best_result_raw,best_result_display,score_type,barbell_lift,set_details,notes,rx_or_scaled,pr
07/04/2023,Tuesday 7.4.2023 Coach Marcus/Dana,12:00 EMOMMinute 1: 9 Toes-to-BarMinute 2: 17 Russian KB Swings 70#/53#Minute 3: 13 Cal SkiMinute 4: Rest,1,Yes,Checkbox,,"[{""boolean"":1}]",Kept all sets of 5 touch and go,RX,
07/10/2023,Monday 7.10.2023 Coach Dana/Marcus,FOR TIME:5 Rounds:13 Pull-Ups3 Rope Climbs7 HPC 115#/75#,956,15:56,,,"[{""mins"":15,""secs"":56}]",Quick singles on the bar work paid off,SCALED,
07/11/2023,Tuesday - 7.11.2023,20:00 AMRAP15 Pull-Ups17 Push-Ups32 Double Unders,224,224,Reps,,"[{""reps"":224}]",,SCALED,
07/12/2023,Wednesday - 7.12.2023,20:00 AMRAP16 Cal Bike9 Front Squats 115#/85#8 Overhead Squats 95#/65#,7,7+7,Rounds + Reps,,"[{""rnds"":7,""reps"":7}]",,RX,
07/14/2023,Friday - 7.14.2023,"FOR TIME:4 Rounds:20 Box Jumps 24""/20""9 Front Squats 115#/85#10 Power Cleans 135#/95#",612,10:12,,,"[{""mins"":10,""secs"":12}]",Cardio is coming back 💪,RX,
07/18/2023,Tuesday - 7.18.2023,FOR TIME:21-15-9Wall Balls 20#/14#Burpees,502,8:22,,,"[{""mins"":8,""secs"":22}]",,RX,
07/20/2023,Thursday - 7.20.2023,FOR TIME:21-15-9Wall Balls 20#/14#Pull-Ups,359,5:59,,,"[{""mins"":5,""secs"":59}]",Best engine day in a while 🔥,RX,
07/22/2023,Saturday - 7.22.2023,Partner WOD:80 Cal Row60 Wall Balls 20#/14#40 BurpeesSplit as needed.,,Worked to a smooth set of 3,Other / Text,,"[{""other"":""Worked to a smooth set of 3""}]","Slow and steady, just wanted to move today",RX,
07/29/2023,Saturday - 7.29.2023,12:00 EMOMMinute 1: 96 Single UndersMinute 2: 19 Walking LungesMinute 3: 14 Thrusters 95#/65#Minute 4: Rest,126,126,Reps,,"[{""reps"":126}]",Scaled the HSPU to pike push-ups,SCALED,
07/31/2023,"""HELEN""",FOR TIME:3 Rounds:400m Run21 KB Swings 53#/35#12 Pull-Ups,653,10:53,,,"[{""mins"":10,""secs"":53}]",,SCALED,
08/03/2023,Thursday - 8.3.2023,FOR TIME:50 Toes-to-Bar40 Wall Balls 20#/14#30 Chest-to-Bar Pull-Ups20 Pull-Ups10 Overhead Squats 95#/65#,1123,18:43,,,"[{""mins"":18,""secs"":43}]","Banded pull-ups, still building back strength",SCALED,
08/04/2023,SKILL - Pistols,Spend 12:00 practicing pistols.Rate how it felt.,4,4,Emoji Selection,,"[{""index"":4}]",,RX,
08/07/2023,Monday 8.7.2023 Coach Dana/Val,12:00 AMRAP14 Pull-Ups16 Cal Row13 Push-Ups,140,140,Reps,,"[{""reps"":140}]","Unbroken on the first two rounds, then it fell apart",RX,
08/09/2023,"""JACKIE""",FOR TIME:1000m Row50 Thrusters 45#/35#30 Pull-Ups,631,10:31,,,"[{""mins"":10,""secs"":31}]",,SCALED,
08/10/2023,Overhead Squat 5x5,"5 sets of 5 reps.Across, building from last week.",95,95,Load,Overhead Squat,"[{""load"":75,""success"":true},{""load"":80,""success"":true},{""load"":85,""success"":true}]",Shoulder felt good again finally,RX,
08/11/2023,Friday 8.11.2023 Coach Dana/Marcus,FOR TIME:21-15-9Thrusters 95#/65#Power Cleans 135#/95#,696,11:36,,,"[{""mins"":11,""secs"":36}]",Scaled to 65# — form over ego,SCALED,
08/16/2023,Wednesday - 8.16.2023,20:00 AMRAP17 Cal Bike19 Push-Ups21 Russian KB Swings 70#/53#,301,301,Reps,,"[{""reps"":301}]",Grip was the limiter today,RX,
08/18/2023,Deadlift 3x3,"3 sets of 3 reps.Across, building from last week.",210,210,Load,Deadlift,"[{""load"":200,""success"":true},{""load"":205,""success"":true},{""load"":210,""success"":true}]",Best engine day in a while 🔥,RX,
08/19/2023,Front Squat 5x5,"5 sets of 5 reps.Across, building from last week.",135,135,Load,Front Squat,"[{""load"":115,""success"":true},{""load"":120,""success"":true},{""load"":125,""success"":true}]",Kept all sets of 5 touch and go,RX,
08/23/2023,Wednesday - 8.23.2023,"FOR TIME:50 Cal Row400m Run30 Front Squats 115#/85#20 Box Step-Ups 24""/20""10 Power Cleans 135#/95#",661,11:01,,,"[{""mins"":11,""secs"":1}]",,RX,
08/29/2023,Tuesday 8.29.2023 Coach Jo/Dana,FOR TIME:21-15-9Push-UpsPower Cleans 135#/95#,680,11:20,,,"[{""mins"":11,""secs"":20}]",,RX,
08/30/2023,OLY - Sots Press,5 x 3 Sots Press from the back rack.Stay in the bottom of the squat.,40,40,Load,Sots Press,"[{""load"":40,""success"":true}]",,RX,
08/31/2023,Thursday - 8.31.2023,"10:00 AMRAP15 Box Step-Ups 24""/20""11 Overhead Squats 95#/65#30 Sit-Ups",322,322,Reps,,"[{""reps"":322}]",Felt strong — breathing stayed under control,RX,
09/04/2023,Monday - 9.4.2023,10:00 AMRAP7 Chest-to-Bar Pull-Ups17 Cal Bike12 HPC 115#/75#,264,264,Reps,,"[{""reps"":264}]",Should have gone heavier,RX,
09/05/2023,Tuesday - 9.5.2023,"FOR TIME:50 Box Step-Ups 24""/20""40 Goblet Squats 53#/35#30 Toes-to-Bar20 Push-Ups10 Cal Ski",832,13:52,,,"[{""mins"":13,""secs"":52}]",That one hurt. In a good way.,RX,
09/06/2023,Wednesday - 9.6.2023,"FOR TIME:5 Rounds:9 Power Cleans 135#/95#10 Chest-to-Bar Pull-Ups12 Box Jumps 24""/20""",731,12:11,,,"[{""mins"":12,""secs"":11}]",,SCALED,
09/12/2023,OLY - Snatch Balance,Work to a heavy Snatch Balance in a 15:00 window.,100,100,Load,Snatch Balance,"[{""load"":100,""success"":true}]","Slow and steady, just wanted to move today",RX,
09/13/2023,"""NANCY""",FOR TIME:5 Rounds:400m Run15 Overhead Squats 95#/65#,852,14:12,,,"[{""mins"":14,""secs"":12}]",,RX,
09/18/2023,Monday - 9.18.2023,FOR TIME:3 Rounds:200m Run12 DB Snatches 50#/35#8 Overhead Squats 95#/65#,459,7:39,,,"[{""mins"":7,""secs"":39}]",,RX,
09/19/2023,Tuesday - 9.19.2023,15:00 AMRAP200m Run12 Push Press 75#/55#16 Sit-Ups,123,123,Reps,,"[{""reps"":123}]",Quick singles on the bar work paid off,SCALED,
09/21/2023,Thursday - 9.21.2023,FOR TIME:50 Double Unders40 DB Snatches 50#/35#30 KB Swings 53#/35#20 Rope Climbs10 Wall Balls 20#/14#,1348,22:28,,,"[{""mins"":22,""secs"":28}]",,SCALED,
09/22/2023,Box Jump: Max Height,Work to a max height box jump.15:00 window.,25,25,Inches,,"[{""inches"":25}]",Plates stacked on the big box,RX,
09/26/2023,Tuesday - 9.26.2023,16:00 EMOMMinute 1: 15 Push Press 75#/55#Minute 2: 12 Goblet Squats 53#/35#Minute 3: 27 Walking LungesMinute 4: Rest,191,191,Reps,,"[{""reps"":191}]",That one hurt. In a good way.,SCALED,
09/28/2023,12:00 Max Meters Row,"Row for max meters in 12:00.Steady pace, empty the tank.",2585,2585,Meters,,"[{""meters"":2585}]",,RX,
09/29/2023,"""DIANE""",FOR TIME:21-15-9Deadlifts 225#/155#Handstand Push-Ups,459,7:39,,,"[{""mins"":7,""secs"":39}]","Went out too hot, paid for it on round 3",RX,
10/02/2023,OLY - Pause Back Squat,5 x 2 Pause Back Squats.3 second pause in the bottom.,170,170,Load,Pause Back Squat,"[{""load"":170,""success"":true}]",Should have gone heavier,RX,
10/03/2023,Tuesday - 10.3.2023,FOR TIME:50 HPC 115#/75#40 Overhead Squats 95#/65#30 Russian KB Swings 70#/53#20 Cal Bike10 Rope Climbs,1480,24:40,,,"[{""mins"":24,""secs"":40}]",Kept all sets of 5 touch and go,RX,
10/10/2023,Tuesday - 10.10.2023,"FOR TIME:3 Rounds:19 Box Jumps 24""/20""16 Push-Ups400m Run",510,8:30,,,"[{""mins"":8,""secs"":30}]","Paced the row, sprinted the finish",RX,
10/11/2023,Wednesday - 10.11.2023,FOR TIME:50 Double Unders40 Chest-to-Bar Pull-Ups30 KB Swings 53#/35#20 Power Cleans 135#/95#10 Sit-Ups,939,15:39,,,"[{""mins"":15,""secs"":39}]",Half the double unders as singles,SCALED,
10/12/2023,"""FRAN""",FOR TIME:21-15-9Thrusters 95#/65#Pull-Ups,412,6:52,,,"[{""mins"":6,""secs"":52}]",,RX,
10/13/2023,STRENGTH - Front Squats,In a 20 minute windowBuild to a heavy single Front Squat.,175,175,Load,Front Squat,"[{""load"":175,""success"":true}]",,RX,
10/17/2023,Tuesday - 10.17.2023,FOR TIME:50 Deadlifts 185#/125#200m Run30 Power Cleans 135#/95#20 Thrusters 95#/65#10 Overhead Squats 95#/65#,715,11:55,,,"[{""mins"":11,""secs"":55}]","Paced the row, sprinted the finish",RX,
10/18/2023,Wednesday - 10.18.2023,FOR TIME:3 Rounds:400m Run8 HPC 115#/75#16 KB Swings 53#/35#*17:00 TIME CAP,1062,17:42,,,"[{""mins"":17,""secs"":42}]","Paced the row, sprinted the finish",RX,
10/19/2023,Thursday - 10.19.2023,FOR TIME:50 Toes-to-Bar40 Air Squats30 Double Unders20 Rope Climbs10 Overhead Squats 95#/65#,1086,18:06,,,"[{""mins"":18,""secs"":6}]","Went out too hot, paid for it on round 3",SCALED,
10/20/2023,Friday - 10.20.2023,15:00 AMRAP11 Thrusters 95#/65#41 Double Unders16 Cal Ski,296,296,Reps,,"[{""reps"":296}]","Went out too hot, paid for it on round 3",RX,
10/21/2023,Saturday - 10.21.2023,FOR TIME:50 Push-Ups40 Cal Row30 Chest-to-Bar Pull-Ups20 Burpees10 Pull-Ups,1091,18:11,,,"[{""mins"":18,""secs"":11}]","Went out too hot, paid for it on round 3",RX,
10/24/2023,Tuesday - 10.24.2023,FOR TIME:21-15-9Deadlifts 225#/155#Wall Balls 20#/14#,324,5:24,,,"[{""mins"":5,""secs"":24}]","Went out too hot, paid for it on round 3",RX,
10/26/2023,Thursday - 10.26.2023,FOR TIME:5 Rounds:200m Run11 Power Cleans 135#/95#11 Front Squats 115#/85#,494,8:14,,,"[{""mins"":8,""secs"":14}]",Knees-to-chest instead of T2B today,SCALED,
10/30/2023,Monday - 10.30.2023,"FOR TIME:50 Pull-Ups40 Deadlifts 185#/125#30 Toes-to-Bar20 Box Jumps 24""/20""10 Sit-Ups",621,10:21,,,"[{""mins"":10,""secs"":21}]",Shoulder felt good again finally,RX,
10/31/2023,Tuesday - 10.31.2023,FOR TIME:5 Rounds:9 HSPU13 KB Swings 53#/35#21 Russian KB Swings 70#/53#*15:00 TIME CAP,1075,17:55,,,"[{""mins"":17,""secs"":55}]",Cardio is coming back 💪,RX,
11/01/2023,Wednesday - 11.1.2023,20:00 AMRAP15 Russian KB Swings 70#/53#11 Deadlifts 185#/125#400m Run,276,276,Reps,,"[{""reps"":276}]",Best engine day in a while 🔥,RX,
11/02/2023,Thursday 11.2.2023 Coach Priya/Theo,20:00 EMOMMinute 1: 12 Goblet Squats 53#/35#Minute 2: 7 Power Cleans 135#/95#Minute 3: 11 Thrusters 95#/65#Minute 4: Rest,1,Yes,Checkbox,,"[{""boolean"":1}]",Felt strong — breathing stayed under control,RX,
11/03/2023,Friday 11.3.2023 Coach Val/Val,15:00 AMRAP9 Burpees6 Hang Snatches 95#/65#11 Overhead Squats 95#/65#,8,8+16,Rounds + Reps,,"[{""rnds"":8,""reps"":16}]","Paced the row, sprinted the finish",RX,
11/09/2023,12:00 Max Meters Row,"Row for max meters in 12:00.Steady pace, empty the tank.",2926,2926,Meters,,"[{""meters"":2926}]",Negative split the back half,RX,
11/10/2023,Friday - 11.10.2023,"16:00 EMOMMinute 1: 12 Front Squats 115#/85#Minute 2: 10 Toes-to-BarMinute 3: 16 Box Jumps 24""/20""Minute 4: Rest",1,Yes,Checkbox,,"[{""boolean"":1}]",,SCALED,
11/13/2023,Monday - 11.13.2023,20:00 AMRAP10 Hang Snatches 95#/65#9 Front Squats 115#/85#12 Overhead Squats 95#/65#,432,432,Reps,,"[{""reps"":432}]",,RX,
11/20/2023,Monday - 11.20.2023,20:00 AMRAP12 Burpees84 Single Unders10 Push-Ups,376,376,Reps,,"[{""reps"":376}]",Scaled to 65# — form over ego,SCALED,
11/23/2023,Thursday - 11.23.2023,FOR TIME:5 Rounds:10 Hang Snatches 95#/65#21 Air Squats17 Russian KB Swings 70#/53#*19:00 TIME CAP,1019,16:59,,,"[{""mins"":16,""secs"":59}]",,RX,
11/29/2023,Wednesday - 11.29.2023,"15:00 AMRAP2 Rope Climbs15 DB Snatches 50#/35#17 Box Jumps 24""/20""",6,6+7,Rounds + Reps,,"[{""rnds"":6,""reps"":7}]","Paced the row, sprinted the finish",SCALED,
12/05/2023,Tuesday - 12.5.2023,"FOR TIME:50 Box Step-Ups 24""/20""40 Wall Balls 20#/14#30 DB Snatches 50#/35#20 Cal Ski10 Cal Bike",1479,24:39,,,"[{""mins"":24,""secs"":39}]",Knees-to-chest instead of T2B today,SCALED,
12/12/2023,12:00 Max Meters Row,"Row for max meters in 12:00.Steady pace, empty the tank.",2347,2347,Meters,,"[{""meters"":2347}]",,RX,
12/22/2023,Friday - 12.22.2023,FOR TIME:21-15-9Cal RowWall Balls 20#/14#,435,7:15,,,"[{""mins"":7,""secs"":15}]",Quick singles on the bar work paid off,SCALED,
12/25/2023,Monday - 12.25.2023,FOR TIME:5 Rounds:10 Pull-Ups13 Deadlifts 185#/125#11 Push-Ups,927,15:27,,,"[{""mins"":15,""secs"":27}]",,SCALED,
12/26/2023,Tuesday - 12.26.2023,FOR TIME:21-15-9Push-UpsThrusters 95#/65#,449,7:29,,,"[{""mins"":7,""secs"":29}]",,RX,
12/30/2023,Saturday - 12.30.2023,Partner WOD:80 Cal Row60 Wall Balls 20#/14#40 BurpeesSplit as needed.,,Made it through 4 rounds,Other / Text,,"[{""other"":""Made it through 4 rounds""}]",Quick singles on the bar work paid off,RX,
01/03/2024,Wednesday - 1.3.2024,10:00 AMRAP11 Cal Ski10 Overhead Squats 95#/65#13 Cal Row,185,185,Reps,,"[{""reps"":185}]",,RX,
01/09/2024,"""GRACE""",FOR TIME:30 Clean and Jerks 135#/95#,399,6:39,,,"[{""mins"":6,""secs"":39}]",,SCALED,
01/10/2024,Wednesday - 1.10.2024,"FOR TIME:50 Front Squats 115#/85#40 Power Cleans 135#/95#200m Run20 Toes-to-Bar10 Box Step-Ups 24""/20""",1467,24:27,,,"[{""mins"":24,""secs"":27}]","Paced the row, sprinted the finish",RX,
01/11/2024,Thursday - 1.11.2024,"FOR TIME:21-15-9Push-UpsBox Jumps 24""/20""",418,6:58,,,"[{""mins"":6,""secs"":58}]",Cardio is coming back 💪,RX,
01/12/2024,Friday - 1.12.2024,15:00 AMRAP9 Deadlifts 185#/125#11 Toes-to-Bar14 Goblet Squats 53#/35#,235,235,Reps,,"[{""reps"":235}]",That one hurt. In a good way.,RX,
01/15/2024,Monday - 1.15.2024,"FOR TIME:50 Chest-to-Bar Pull-Ups200m Run30 Rope Climbs20 Goblet Squats 53#/35#10 Box Jumps 24""/20""",1342,22:22,,,"[{""mins"":22,""secs"":22}]",Went lighter to keep moving the whole time,SCALED,
01/16/2024,Push Press 3x3,"3 sets of 3 reps.Across, building from last week.",110,110,Load,Push Press,"[{""load"":100,""success"":true},{""load"":105,""success"":true},{""load"":110,""success"":true}]",,RX,
01/17/2024,Wednesday - 1.17.2024,20:00 EMOMMinute 1: 7 HPC 115#/75#Minute 2: 19 Air SquatsMinute 3: 10 Power Cleans 135#/95#Minute 4: Rest,204,204,Reps,,"[{""reps"":204}]",Grip was the limiter today,RX,
01/20/2024,Saturday - 1.20.2024,12:00 AMRAP9 Pull-Ups15 Push Press 75#/55#57 Double Unders,360,360,Reps,,"[{""reps"":360}]",Cardio is coming back 💪,RX,
01/22/2024,STRENGTH - Strict Presses,In a 20 minute windowBuild to a 1RM Strict Press.,105,105,Load,Strict Press,"[{""load"":105,""success"":true}]",Legs were toast from yesterday,RX,
01/23/2024,Tuesday - 1.23.2024,"FOR TIME:50 Box Jumps 24""/20""40 Cal Bike200m Run20 Double Unders10 Walking Lunges",927,15:27,,,"[{""mins"":15,""secs"":27}]","Subbed step-ups for box jumps, knee acting up",SCALED,
01/25/2024,STRENGTH - Deadlifts,In a 20 minute windowBuild to a heavy triple Deadlift.,270,270,Load,Deadlift,"[{""load"":270,""success"":true}]",That one hurt. In a good way.,RX,
01/26/2024,Friday - 1.26.2024,12:00 AMRAP13 Thrusters 95#/65#13 Cal Bike20 DB Snatches 50#/35#,105,105,Reps,,"[{""reps"":105}]",Went lighter to keep moving the whole time,SCALED,
01/27/2024,Saturday - 1.27.2024,10:00 AMRAP13 Push Press 75#/55#9 Thrusters 95#/65#11 Chest-to-Bar Pull-Ups,266,266,Reps,,"[{""reps"":266}]",Shoulder felt good again finally,RX,
01/29/2024,STRENGTH - Deadlifts,In a 20 minute windowBuild to a 1RM Deadlift.,280,280,Load,Deadlift,"[{""load"":280,""success"":true}]",280# — five pound PR,RX,PR
01/30/2024,Tuesday - 1.30.2024,"FOR TIME:50 Cal Bike40 Box Step-Ups 24""/20""30 HSPU20 Air Squats10 Deadlifts 185#/125#",1220,20:20,,,"[{""mins"":20,""secs"":20}]","Went out too hot, paid for it on round 3",RX,
02/02/2024,STRENGTH - Front Squats,In a 20 minute windowBuild to a heavy triple Front Squat.,180,180,Load,Front Squat,"[{""load"":180,""success"":true}]",PR and it moved fast,RX,PR
02/05/2024,STRENGTH - Deadlifts,In a 20 minute windowBuild to a heavy single Deadlift.,275,275,Load,Deadlift,"[{""load"":275,""success"":true}]","Coach fixed my pull timing, huge difference",RX,
02/06/2024,STRENGTH - Strict Presses,In a 20 minute windowBuild to a heavy single Strict Press.,105,105,Load,Strict Press,"[{""load"":105,""success"":true}]","Coach fixed my pull timing, huge difference",RX,
02/08/2024,Thursday - 2.8.2024,"10:00 AMRAP19 Box Step-Ups 24""/20""12 Push Press 75#/55#23 Walking Lunges",376,376,Reps,,"[{""reps"":376}]","Transitions killed me, need to move faster between stations",RX,
02/09/2024,Friday 2.9.2024 Coach Jo/Jo,16:00 EMOMMinute 1: 8 Chest-to-Bar Pull-UpsMinute 2: 15 Pull-UpsMinute 3: 17 KB Swings 53#/35#Minute 4: Rest,1,Yes,Checkbox,,"[{""boolean"":1}]",Knees-to-chest instead of T2B today,SCALED,
02/13/2024,OLY - Clean Pull,4 x 3 Clean Pulls.Heavier than your best clean — speed off the floor.,165,165,Load,Clean Pull,"[{""load"":165,""success"":true}]","Slow and steady, just wanted to move today",RX,
02/15/2024,Thursday - 2.15.2024,"20:00 EMOMMinute 1: 20 Box Jumps 24""/20""Minute 2: 10 Overhead Squats 95#/65#Minute 3: 18 Cal SkiMinute 4: Rest",1,Yes,Checkbox,,"[{""boolean"":1}]",Grip was the limiter today,RX,
02/17/2024,Saturday - 2.17.2024,FOR TIME:4 Rounds:6 Power Cleans 135#/95#16 Air Squats6 Hang Snatches 95#/65#*16:00 TIME CAP,487,8:07,,,"[{""mins"":8,""secs"":7}]",Legs were toast from yesterday,RX,
02/19/2024,Monday - 2.19.2024,FOR TIME:5 Rounds:50 Double Unders400m Run7 Chest-to-Bar Pull-Ups*10:00 TIME CAP,818,13:38,,,"[{""mins"":13,""secs"":38}]",Felt strong — breathing stayed under control,RX,
02/20/2024,Tuesday 2.20.2024 Coach Marcus/Dana,20:00 AMRAP13 Wall Balls 20#/14#13 Cal Ski13 DB Snatches 50#/35#,8,8+4,Rounds + Reps,,"[{""rnds"":8,""reps"":4}]","Slow and steady, just wanted to move today",RX,
02/21/2024,Wednesday - 2.21.2024,"15:00 AMRAP16 Box Step-Ups 24""/20""10 Box Jumps 24""/20""9 Power Cleans 135#/95#",270,270,Reps,,"[{""reps"":270}]","Subbed step-ups for box jumps, knee acting up",SCALED,
02/23/2024,Friday - 2.23.2024,FOR TIME:3 Rounds:10 Thrusters 95#/65#6 Hang Snatches 95#/65#11 Push Press 75#/55#,1076,17:56,,,"[{""mins"":17,""secs"":56}]",Scaled the HSPU to pike push-ups,SCALED,
02/28/2024,Wednesday 2.28.2024 Coach Dana/Jo,15:00 AMRAP400m Run8 Toes-to-Bar7 HSPU,200,200,Reps,,"[{""reps"":200}]",,SCALED,
03/01/2024,Open 24.1,12:00 AMRAP12 Goblet Squats 53#/35#47 Double Unders12 Cal Ski*CrossFit Open 24.1,254,254,Reps,,"[{""reps"":254}]",Friday Night Lights!,RX,
03/04/2024,Monday - 3.4.2024,FOR TIME:21-15-9Thrusters 95#/65#Wall Balls 20#/14#,374,6:14,,,"[{""mins"":6,""secs"":14}]","Subbed step-ups for box jumps, knee acting up",SCALED,
03/05/2024,Tuesday 3.5.2024 Coach Jo/Theo,FOR TIME:5 Rounds:10 HPC 115#/75#19 Cal Bike14 Burpees,492,8:12,,,"[{""mins"":8,""secs"":12}]",Scaled to 65# — form over ego,SCALED,
03/06/2024,Wednesday - 3.6.2024,15:00 AMRAP30 Walking Lunges18 Push-Ups93 Single Unders,111,111,Reps,,"[{""reps"":111}]",,RX,
03/07/2024,Post-WOD Core,3 Rounds:15 Hollow Rocks20 Flutter Kicks30s Plank,1,Yes,Checkbox,,"[{""boolean"":1}]",,RX,
03/08/2024,Open 24.2,12:00 AMRAP9 Hang Snatches 95#/65#13 Goblet Squats 53#/35#7 Power Cleans 135#/95#*CrossFit Open 24.2,317,317,Reps,,"[{""reps"":317}]","Redid it Sunday, kept the first score",SCALED,
03/11/2024,STRENGTH - Back Squats,In a 20 minute windowBuild to a heavy triple Back Squat.,220,220,Load,Back Squat,"[{""load"":220,""success"":true}]","Went out too hot, paid for it on round 3",RX,
03/15/2024,Open 24.3,15:00 AMRAP50 Double Unders4 Rope Climbs21 Walking Lunges*CrossFit Open 24.3,277,277,Reps,,"[{""reps"":277}]","Redid it Sunday, kept the first score",RX,
03/18/2024,Monday 3.18.2024 Coach Dana/Priya,FOR TIME:4 Rounds:13 Goblet Squats 53#/35#8 Deadlifts 185#/125#10 Pull-Ups*13:00 TIME CAP,496,8:16,,,"[{""mins"":8,""secs"":16}]","Transitions killed me, need to move faster between stations",SCALED,
03/22/2024,Friday - 3.22.2024,20:00 AMRAP19 Goblet Squats 53#/35#400m Run8 Hang Snatches 95#/65#,224,224,Reps,,"[{""reps"":224}]",Scaled to 65# — form over ego,SCALED,
03/25/2024,OLY - Pause Back Squat,5 x 2 Pause Back Squats.3 second pause in the bottom.,190,190,Load,Pause Back Squat,"[{""load"":190,""success"":true}]",Quick singles on the bar work paid off,RX,
03/27/2024,"""NANCY""",FOR TIME:5 Rounds:400m Run15 Overhead Squats 95#/65#,824,13:44,,,"[{""mins"":13,""secs"":44}]","Subbed step-ups for box jumps, knee acting up",SCALED,
03/28/2024,STRENGTH - Front Squats,In a 20 minute windowBuild to a heavy single Front Squat.,190,190,Load,Front Squat,"[{""load"":190,""success"":true}]",PR and it moved fast,RX,PR
03/29/2024,Friday - 3.29.2024,15:00 AMRAP11 Power Cleans 135#/95#12 Overhead Squats 95#/65#52 Single Unders,212,212,Reps,,"[{""reps"":212}]",Kept all sets of 5 touch and go,RX,
04/01/2024,OLY - Clean Pull,4 x 3 Clean Pulls.Heavier than your best clean — speed off the floor.,175,175,Load,Clean Pull,"[{""load"":175,""success"":true}]","Unbroken on the first two rounds, then it fell apart",RX,
04/02/2024,STRENGTH - Bench Press,In a 20 minute windowBuild to a heavy single Bench Press.,170,170,Load,Bench Press,"[{""load"":170,""success"":true}]",,RX,
04/03/2024,Wednesday - 4.3.2024,FOR TIME:5 Rounds:9 Thrusters 95#/65#200m Run9 Burpees*19:00 TIME CAP,463,7:43,,,"[{""mins"":7,""secs"":43}]",Quick singles on the bar work paid off,RX,
04/09/2024,Tuesday - 4.9.2024,FOR TIME:4 Rounds:11 Thrusters 95#/65#10 Chest-to-Bar Pull-Ups8 Pull-Ups*20:00 TIME CAP,1069,17:49,,,"[{""mins"":17,""secs"":49}]",Grip was the limiter today,RX,
04/11/2024,Thursday 4.11.2024 Coach Marcus/Jo,"FOR TIME:21-15-9Box Jumps 24""/20""Power Cleans 135#/95#",309,5:09,,,"[{""mins"":5,""secs"":9}]",,SCALED,
04/12/2024,Friday - 4.12.2024,15:00 AMRAP18 Cal Bike13 Goblet Squats 53#/35#10 Chest-to-Bar Pull-Ups,238,238,Reps,,"[{""reps"":238}]",Shoulder felt good again finally,RX,
04/15/2024,Monday - 4.15.2024,FOR TIME:3 Rounds:13 Cal Row2 Rope Climbs10 Push-Ups,676,11:16,,,"[{""mins"":11,""secs"":16}]",,RX,
04/16/2024,Tuesday - 4.16.2024,FOR TIME:21-15-9Overhead Squats 95#/65#Thrusters 95#/65#,511,8:31,,,"[{""mins"":8,""secs"":31}]","Slow and steady, just wanted to move today",RX,
04/18/2024,Box Jump: Max Height,Work to a max height box jump.15:00 window.,28,28,Inches,,"[{""inches"":28}]",,RX,
04/27/2024,Saturday - 4.27.2024,FOR TIME:21-15-9Deadlifts 225#/155#Cal Row,585,9:45,,,"[{""mins"":9,""secs"":45}]",Grip was the limiter today,RX,
04/29/2024,Monday - 4.29.2024,"FOR TIME:50 Power Cleans 135#/95#40 Cal Row30 Deadlifts 185#/125#20 Box Step-Ups 24""/20""10 Toes-to-Bar",1248,20:48,,,"[{""mins"":20,""secs"":48}]","Slow and steady, just wanted to move today",RX,
05/03/2024,Friday - 5.3.2024,Partner WOD:80 Cal Row60 Wall Balls 20#/14#40 BurpeesSplit as needed.,,Worked to a smooth set of 3,Other / Text,,"[{""other"":""Worked to a smooth set of 3""}]",Legs were toast from yesterday,RX,
05/04/2024,SKILL - Handstands,Spend 12:00 practicing handstands.Rate how it felt.,2,2,Emoji Selection,,"[{""index"":2}]",,RX,
05/06/2024,Post-WOD Core,3 Rounds:15 Hollow Rocks20 Flutter Kicks30s Plank,1,Yes,Checkbox,,"[{""boolean"":1}]",,RX,
05/08/2024,Wednesday - 5.8.2024,FOR TIME:4 Rounds:15 Toes-to-Bar7 Overhead Squats 95#/65#13 KB Swings 53#/35#*13:00 TIME CAP,808,13:28,,,"[{""mins"":13,""secs"":28}]","Transitions killed me, need to move faster between stations",RX,
05/09/2024,Thursday - 5.9.2024,20:00 EMOMMinute 1: 14 Cal RowMinute 2: 26 Sit-UpsMinute 3: 10 Front Squats 115#/85#Minute 4: Rest,178,178,Reps,,"[{""reps"":178}]",Kept all sets of 5 touch and go,RX,
05/10/2024,Friday - 5.10.2024,10:00 AMRAP12 Burpees8 Hang Snatches 95#/65#17 Cal Ski,180,180,Reps,,"[{""reps"":180}]",Kept all sets of 5 touch and go,RX,
05/15/2024,Wednesday - 5.15.2024,"FOR TIME:21-15-9Box Jumps 24""/20""Thrusters 95#/65#",620,10:20,,,"[{""mins"":10,""secs"":20}]",Cardio is coming back 💪,RX,
05/16/2024,Thursday - 5.16.2024,15:00 AMRAP76 Single Unders19 Wall Balls 20#/14#13 Cal Bike,264,264,Reps,,"[{""reps"":264}]",First workout back — rough but happy to be in the gym,RX,
05/21/2024,STRENGTH - Back Squats,In a 20 minute windowBuild to a 1RM Back Squat.,220,220,Load,Back Squat,"[{""load"":220,""success"":true}]","Unbroken on the first two rounds, then it fell apart",RX,
05/22/2024,Wednesday 5.22.2024 Coach Val/Priya,12:00 AMRAP18 Cal Row8 HPC 115#/75#6 Chest-to-Bar Pull-Ups,322,322,Reps,,"[{""reps"":322}]","Unbroken on the first two rounds, then it fell apart",SCALED,
05/24/2024,Friday - 5.24.2024,FOR TIME:3 Rounds:15 Burpees12 Cal Bike23 Sit-Ups,435,7:15,,,"[{""mins"":7,""secs"":15}]","Coach fixed my pull timing, huge difference",RX,
05/27/2024,"""MURPH""","FOR TIME:1 Mile Run100 Pull-Ups200 Push-Ups300 Air Squats1 Mile Run*Partition the pull-ups, push-ups, and squats as needed.",3525,58:45,,,"[{""mins"":58,""secs"":45}]",Memorial Day Murph 🇺🇸,SCALED,
05/31/2024,Friday - 5.31.2024,FOR TIME:50 Russian KB Swings 70#/53#40 Push Press 75#/55#30 Thrusters 95#/65#20 Rope Climbs10 Single Unders,1449,24:09,,,"[{""mins"":24,""secs"":9}]",Quick singles on the bar work paid off,RX,
06/13/2024,Thursday - 6.13.2024,15:00 AMRAP15 Sit-Ups13 Cal Ski24 Wall Balls 20#/14#,252,252,Reps,,"[{""reps"":252}]",,RX,
06/14/2024,"""FRAN""",FOR TIME:21-15-9Thrusters 95#/65#Pull-Ups,383,6:23,,,"[{""mins"":6,""secs"":23}]",Fran PR — pacing finally clicked,RX,PR
06/18/2024,Tuesday - 6.18.2024,12:00 AMRAP25 Walking Lunges18 Push-Ups13 Push Press 75#/55#,190,190,Reps,,"[{""reps"":190}]",,RX,
06/29/2024,Saturday - 6.29.2024,20:00 EMOMMinute 1: 200m RunMinute 2: 6 Chest-to-Bar Pull-UpsMinute 3: 25 Russian KB Swings 70#/53#Minute 4: Rest,1,Yes,Checkbox,,"[{""boolean"":1}]",Kept all sets of 5 touch and go,RX,
08/16/2024,Friday - 8.16.2024,FOR TIME:50 Cal Ski40 Walking Lunges30 Deadlifts 185#/125#20 Hang Snatches 95#/65#10 Russian KB Swings 70#/53#,1499,24:59,,,"[{""mins"":24,""secs"":59}]",,SCALED,
08/22/2024,Thursday - 8.22.2024,10:00 AMRAP18 Push-Ups16 DB Snatches 50#/35#4 Rope Climbs,144,144,Reps,,"[{""reps"":144}]","Went out too hot, paid for it on round 3",RX,
09/04/2024,Wednesday - 9.4.2024,FOR TIME:21-15-9Push-UpsWall Balls 20#/14#,546,9:06,,,"[{""mins"":9,""secs"":6}]",Shoulder felt good again finally,RX,
09/06/2024,SKILL - Handstands,Spend 12:00 practicing handstands.Rate how it felt.,5,5,Emoji Selection,,"[{""index"":5}]",,RX,
09/09/2024,Monday - 9.9.2024,FOR TIME:5 Rounds:11 Overhead Squats 95#/65#200m Run48 Double Unders*19:00 TIME CAP,764,12:44,,,"[{""mins"":12,""secs"":44}]",Knees-to-chest instead of T2B today,SCALED,
09/10/2024,"""DIANE""",FOR TIME:21-15-9Deadlifts 225#/155#Handstand Push-Ups,383,6:23,,,"[{""mins"":6,""secs"":23}]",Shoulder felt good again finally,RX,
09/13/2024,Friday - 9.13.2024,FOR TIME:3 Rounds:400m Run10 Hang Snatches 95#/65#14 Burpees*14:00 TIME CAP,508,8:28,,,"[{""mins"":8,""secs"":28}]",,RX,
09/17/2024,Tuesday - 9.17.2024,10:00 AMRAP11 Thrusters 95#/65#14 DB Snatches 50#/35#23 Sit-Ups,440,440,Reps,,"[{""reps"":440}]",Quick singles on the bar work paid off,RX,
09/19/2024,Thursday 9.19.2024 Coach Theo/Dana,FOR TIME:50 Push Press 75#/55#40 Sit-Ups30 Cal Bike20 Russian KB Swings 70#/53#10 HPC 115#/75#,1342,22:22,,,"[{""mins"":22,""secs"":22}]",,SCALED,
09/27/2024,Friday - 9.27.2024,FOR TIME:21-15-9Thrusters 95#/65#Overhead Squats 95#/65#,462,7:42,,,"[{""mins"":7,""secs"":42}]","Transitions killed me, need to move faster between stations",RX,
10/07/2024,Monday - 10.7.2024,"10:00 AMRAP10 Overhead Squats 95#/65#18 KB Swings 53#/35#18 Box Jumps 24""/20""",392,392,Reps,,"[{""reps"":392}]",Scaled the HSPU to pike push-ups,SCALED,
10/08/2024,Tuesday - 10.8.2024,FOR TIME:50 HPC 115#/75#40 Thrusters 95#/65#200m Run20 Goblet Squats 53#/35#10 Single Unders,1158,19:18,,,"[{""mins"":19,""secs"":18}]",,RX,
10/09/2024,OLY - Squat Clean + Push Jerk,Complex: 1 Squat Clean + 2 Push Jerks.Build to a heavy complex for the day.,150,150,Load,Squat Clean + Push Jerk,"[{""load"":150,""success"":true}]",Cardio is coming back 💪,RX,
10/11/2024,Friday - 10.11.2024,FOR TIME:5 Rounds:13 Cal Row11 DB Snatches 50#/35#200m Run*19:00 TIME CAP,867,14:27,,,"[{""mins"":14,""secs"":27}]","Paced the row, sprinted the finish",RX,
10/14/2024,CORE,3 Rounds:15 Hollow Rocks20 Flutter Kicks30s Plank,1,Yes,Checkbox,,"[{""boolean"":1}]",,RX,
10/15/2024,Front Squat 5x3,"5 sets of 3 reps.Across, building from last week.",155,155,Load,Front Squat,"[{""load"":135,""success"":true},{""load"":140,""success"":true},{""load"":145,""success"":true}]","Unbroken on the first two rounds, then it fell apart",RX,
10/21/2024,Monday - 10.21.2024,FOR TIME:5 Rounds:8 Thrusters 95#/65#13 Cal Row8 Deadlifts 185#/125#,433,7:13,,,"[{""mins"":7,""secs"":13}]",Went lighter to keep moving the whole time,SCALED,
10/22/2024,Tuesday 10.22.2024 Coach Dana/Priya,FOR TIME:50 Burpees40 Wall Balls 20#/14#30 Cal Bike20 Air Squats10 Hang Snatches 95#/65#,1351,22:31,,,"[{""mins"":22,""secs"":31}]",,RX,
10/23/2024,OLY - Pause Back Squat,5 x 2 Pause Back Squats.3 second pause in the bottom.,195,195,Load,Pause Back Squat,"[{""load"":195,""success"":true}]",,RX,
10/26/2024,Saturday - 10.26.2024,FOR TIME:21-15-9Cal RowPush-Ups,445,7:25,,,"[{""mins"":7,""secs"":25}]","Banded pull-ups, still building back strength",SCALED,
10/30/2024,Wednesday 10.30.2024 Coach Jo/Priya,FOR TIME:50 Air Squats40 Chest-to-Bar Pull-Ups30 Push Press 75#/55#20 Hang Snatches 95#/65#10 Toes-to-Bar,1373,22:53,,,"[{""mins"":22,""secs"":53}]",,RX,
11/01/2024,Back Squat 5x3,"5 sets of 3 reps.Across, building from last week.",195,195,Load,Back Squat,"[{""load"":175,""success"":true},{""load"":180,""success"":true},{""load"":185,""success"":true}]",,RX,
11/07/2024,Thursday - 11.7.2024,FOR TIME:21-15-9Cal RowOverhead Squats 95#/65#,331,5:31,,,"[{""mins"":5,""secs"":31}]","Banded pull-ups, still building back strength",SCALED,
11/11/2024,SKILL - Muscle-Ups,Spend 12:00 practicing muscle-ups.Rate how it felt.,3,3,Emoji Selection,,"[{""index"":3}]",,RX,
11/12/2024,Tuesday - 11.12.2024,"10:00 AMRAP9 Burpees13 Box Jumps 24""/20""14 Cal Row",344,344,Reps,,"[{""reps"":344}]",Shoulder felt good again finally,RX,
11/16/2024,Box Jump: Max Height,Work to a max height box jump.15:00 window.,29,29,Inches,,"[{""inches"":29}]",Plates stacked on the big box,RX,
11/22/2024,Friday - 11.22.2024,12:00 EMOMMinute 1: 19 Push-UpsMinute 2: 21 Russian KB Swings 70#/53#Minute 3: 11 Deadlifts 185#/125#Minute 4: Rest,192,192,Reps,,"[{""reps"":192}]","Banded pull-ups, still building back strength",SCALED,
11/25/2024,Monday - 11.25.2024,12:00 AMRAP12 Chest-to-Bar Pull-Ups400m Run9 Thrusters 95#/65#,8,8+12,Rounds + Reps,,"[{""rnds"":8,""reps"":12}]",Shoulder felt good again finally,RX,
11/26/2024,Tuesday - 11.26.2024,20:00 AMRAP9 Front Squats 115#/85#11 Thrusters 95#/65#14 Goblet Squats 53#/35#,141,141,Reps,,"[{""reps"":141}]",Should have gone heavier,RX,
11/27/2024,Wednesday 11.27.2024 Coach Jo/Priya,FOR TIME:3 Rounds:10 Hang Snatches 95#/65#21 Sit-Ups8 Chest-to-Bar Pull-Ups,458,7:38,,,"[{""mins"":7,""secs"":38}]",Best engine day in a while 🔥,RX,
11/28/2024,Thursday - 11.28.2024,10:00 AMRAP200m Run16 Push-Ups9 Front Squats 115#/85#,124,124,Reps,,"[{""reps"":124}]",Scaled to 65# — form over ego,SCALED,
12/04/2024,Wednesday - 12.4.2024,"FOR TIME:21-15-9Box Jumps 24""/20""Overhead Squats 95#/65#",340,5:40,,,"[{""mins"":5,""secs"":40}]","Unbroken on the first two rounds, then it fell apart",SCALED,
12/06/2024,"""GRACE""",FOR TIME:30 Clean and Jerks 135#/95#,421,7:01,,,"[{""mins"":7,""secs"":1}]",That one hurt. In a good way.,RX,
12/13/2024,Post-WOD Core,3 Rounds:15 Hollow Rocks20 Flutter Kicks30s Plank,1,Yes,Checkbox,,"[{""boolean"":1}]",,RX,
12/27/2024,Friday - 12.27.2024,FOR TIME:50 Burpees40 Wall Balls 20#/14#30 Hang Snatches 95#/65#20 Cal Ski10 DB Snatches 50#/35#,1340,22:20,,,"[{""mins"":22,""secs"":20}]","Slow and steady, just wanted to move today",SCALED,
12/30/2024,Monday 12.30.2024 Coach Val/Jo,12:00 AMRAP15 KB Swings 53#/35#6 Overhead Squats 95#/65#15 DB Snatches 50#/35#,200,200,Reps,,"[{""reps"":200}]",Knees-to-chest instead of T2B today,SCALED,
01/02/2025,Bench Press 5x3,"5 sets of 3 reps.Across, building from last week.",150,150,Load,Bench Press,"[{""load"":130,""success"":true},{""load"":135,""success"":true},{""load"":140,""success"":true}]",,RX,
01/03/2025,Friday - 1.3.2025,"FOR TIME:3 Rounds:15 Box Step-Ups 24""/20""18 Box Jumps 24""/20""18 Cal Row*10:00 TIME CAP",952,15:52,,,"[{""mins"":15,""secs"":52}]",Should have gone heavier,RX,
01/04/2025,STRENGTH - Back Squats,In a 20 minute windowBuild to a heavy single Back Squat.,240,240,Load,Back Squat,"[{""load"":240,""success"":true}]",PR and it moved fast,RX,PR
01/06/2025,Monday - 1.6.2025,FOR TIME:50 Toes-to-Bar40 Push Press 75#/55#30 Thrusters 95#/65#20 Pull-Ups10 Front Squats 115#/85#,1053,17:33,,,"[{""mins"":17,""secs"":33}]",Legs were toast from yesterday,RX,
01/07/2025,SKILL - Muscle-Ups,Spend 12:00 practicing muscle-ups.Rate how it felt.,3,3,Emoji Selection,,"[{""index"":3}]",,RX,
01/10/2025,Friday - 1.10.2025,FOR TIME:4 Rounds:11 Front Squats 115#/85#10 HSPU19 DB Snatches 50#/35#*11:00 TIME CAP,887,14:47,,,"[{""mins"":14,""secs"":47}]",Best engine day in a while 🔥,RX,
01/17/2025,Friday - 1.17.2025,FOR TIME:21-15-9BurpeesDeadlifts 225#/155#,396,6:36,,,"[{""mins"":6,""secs"":36}]",First workout back — rough but happy to be in the gym,RX,
01/18/2025,Saturday 1.18.2025 Coach Priya/Val,FOR TIME:5 Rounds:13 Push Press 75#/55#54 Single Unders18 DB Snatches 50#/35#*11:00 TIME CAP,661,11:01,,,"[{""mins"":11,""secs"":1}]","Slow and steady, just wanted to move today",SCALED,
01/22/2025,Wednesday 1.22.2025 Coach Marcus/Dana,12:00 AMRAP86 Single Unders12 Front Squats 115#/85#23 Sit-Ups,120,120,Reps,,"[{""reps"":120}]",Kept all sets of 5 touch and go,RX,
01/23/2025,STRENGTH - Snatches,In a 20 minute windowBuild to a 1RM Snatch.,105,105,Load,Snatch,"[{""load"":105,""success"":true}]",,RX,
01/27/2025,OLY - Sots Press,5 x 3 Sots Press from the back rack.Stay in the bottom of the squat.,50,50,Load,Sots Press,"[{""load"":50,""success"":true}]",,RX,
01/29/2025,Wednesday - 1.29.2025,15:00 AMRAP19 Cal Row10 Push Press 75#/55#400m Run,216,216,Reps,,"[{""reps"":216}]",,RX,
01/30/2025,"""ANNIE""",FOR TIME:50-40-30-20-10Double UndersSit-Ups,624,10:24,,,"[{""mins"":10,""secs"":24}]",Felt strong — breathing stayed under control,RX,
01/31/2025,Friday 1.31.2025 Coach Dana/Jo,15:00 AMRAP4 Rope Climbs18 Cal Row14 Burpees,3,3,Rounds + Reps,,"[{""rnds"":3,""reps"":0}]","Coach fixed my pull timing, huge difference",RX,
02/01/2025,CORE,3 Rounds:15 Hollow Rocks20 Flutter Kicks30s Plank,1,Yes,Checkbox,,"[{""boolean"":1}]",,RX,
02/03/2025,Monday - 2.3.2025,FOR TIME:21-15-9Deadlifts 225#/155#Power Cleans 135#/95#,372,6:12,,,"[{""mins"":6,""secs"":12}]",Best engine day in a while 🔥,RX,
02/04/2025,Tuesday - 2.4.2025,FOR TIME:50 Rope Climbs200m Run30 Hang Snatches 95#/65#20 Toes-to-Bar10 HSPU,1086,18:06,,,"[{""mins"":18,""secs"":6}]",Grip was the limiter today,RX,
02/08/2025,"""DT""",5 Rounds For Time:12 Deadlifts 155#/105#9 Hang Power Cleans 155#/105#6 Push Jerks 155#/105#,585,9:45,,,"[{""mins"":9,""secs"":45}]",Scaled to 65# — form over ego,SCALED,
02/10/2025,Monday - 2.10.2025,Partner WOD:80 Cal Row60 Wall Balls 20#/14#40 BurpeesSplit as needed.,,Worked to a smooth set of 3,Other / Text,,"[{""other"":""Worked to a smooth set of 3""}]",That one hurt. In a good way.,RX,
02/11/2025,Tuesday - 2.11.2025,FOR TIME:21-15-9Pull-UpsWall Balls 20#/14#,369,6:09,,,"[{""mins"":6,""secs"":9}]",Scaled to 65# — form over ego,SCALED,
02/17/2025,Monday - 2.17.2025,FOR TIME:50 Cal Row40 Overhead Squats 95#/65#30 Toes-to-Bar20 Cal Bike10 Push Press 75#/55#,1424,23:44,,,"[{""mins"":23,""secs"":44}]",,RX,
02/18/2025,Tuesday - 2.18.2025,20:00 AMRAP14 DB Snatches 50#/35#8 Pull-Ups10 Deadlifts 185#/125#,141,141,Reps,,"[{""reps"":141}]","Slow and steady, just wanted to move today",RX,
02/21/2025,Friday - 2.21.2025,FOR TIME:21-15-9Thrusters 95#/65#Burpees,421,7:01,,,"[{""mins"":7,""secs"":1}]",First workout back — rough but happy to be in the gym,RX,
02/22/2025,Saturday - 2.22.2025,"12:00 EMOMMinute 1: 19 Box Step-Ups 24""/20""Minute 2: 10 HSPUMinute 3: 12 KB Swings 53#/35#Minute 4: Rest",207,207,Reps,,"[{""reps"":207}]","Unbroken on the first two rounds, then it fell apart",RX,
02/25/2025,Tuesday 2.25.2025 Coach Jo/Priya,20:00 EMOMMinute 1: 7 Hang Snatches 95#/65#Minute 2: 12 Chest-to-Bar Pull-UpsMinute 3: 20 Goblet Squats 53#/35#Minute 4: Rest,1,Yes,Checkbox,,"[{""boolean"":1}]","Coach fixed my pull timing, huge difference",RX,
02/27/2025,STRENGTH - Front Squats,In a 20 minute windowBuild to a heavy triple Front Squat.,200,200,Load,Front Squat,"[{""load"":200,""success"":true}]",200# — five pound PR,RX,PR
02/28/2025,Open 25.1,15:00 AMRAP11 DB Snatches 50#/35#9 Overhead Squats 95#/65#22 Walking Lunges*CrossFit Open 25.1,251,251,Reps,,"[{""reps"":251}]",Friday Night Lights!,SCALED,
03/03/2025,Monday - 3.3.2025,FOR TIME:4 Rounds:15 Push Press 75#/55#16 Air Squats3 Rope Climbs,965,16:05,,,"[{""mins"":16,""secs"":5}]",Legs were toast from yesterday,RX,
03/04/2025,"""ANNIE""",FOR TIME:50-40-30-20-10Double UndersSit-Ups,613,10:13,,,"[{""mins"":10,""secs"":13}]",PR by a lot — pacing finally clicked,RX,PR
03/07/2025,Open 25.2,12:00 AMRAP20 Cal Row15 Deadlifts 185#/125#16 DB Snatches 50#/35#*CrossFit Open 25.2,258,258,Reps,,"[{""reps"":258}]",Friday Night Lights!,SCALED,
03/11/2025,OLY - Squat Clean + Push Jerk,Complex: 1 Squat Clean + 2 Push Jerks.Build to a heavy complex for the day.,170,170,Load,Squat Clean + Push Jerk,"[{""load"":170,""success"":true}]","Went out too hot, paid for it on round 3",RX,
03/12/2025,"""RANDY""",FOR TIME:75 Power Snatches 75#/55#,584,9:44,,,"[{""mins"":9,""secs"":44}]",,SCALED,
03/13/2025,Thursday - 3.13.2025,"15:00 AMRAP12 Box Step-Ups 24""/20""15 Box Jumps 24""/20""18 Cal Ski",5,5+24,Rounds + Reps,,"[{""rnds"":5,""reps"":24}]",Scaled the HSPU to pike push-ups,SCALED,
03/14/2025,Open 25.3,15:00 AMRAP18 Cal Row12 Burpees62 Single Unders*CrossFit Open 25.3,173,173,Reps,,"[{""reps"":173}]",Judged by a coach — every rep counted,RX,
03/15/2025,Saturday - 3.15.2025,FOR TIME:50 Cal Bike40 Single Unders30 Overhead Squats 95#/65#20 Sit-Ups10 Push Press 75#/55#,830,13:50,,,"[{""mins"":13,""secs"":50}]","Slow and steady, just wanted to move today",SCALED,
03/18/2025,Tuesday - 3.18.2025,"15:00 AMRAP14 Burpees20 Box Step-Ups 24""/20""10 Toes-to-Bar",7,7+15,Rounds + Reps,,"[{""rnds"":7,""reps"":15}]","Went out too hot, paid for it on round 3",RX,
03/21/2025,"""FRAN""",FOR TIME:21-15-9Thrusters 95#/65#Pull-Ups,341,5:41,,,"[{""mins"":5,""secs"":41}]",Fran PR — pacing finally clicked,RX,PR
03/24/2025,Monday - 3.24.2025,FOR TIME:50 Air Squats200m Run30 HPC 115#/75#20 Double Unders10 Push Press 75#/55#,950,15:50,,,"[{""mins"":15,""secs"":50}]",,RX,
03/25/2025,Tuesday - 3.25.2025,16:00 EMOMMinute 1: 17 Russian KB Swings 70#/53#Minute 2: 9 Front Squats 115#/85#Minute 3: 8 Hang Snatches 95#/65#Minute 4: Rest,242,242,Reps,,"[{""reps"":242}]",,RX,
03/26/2025,OLY - Pause Back Squat,5 x 2 Pause Back Squats.3 second pause in the bottom.,205,205,Load,Pause Back Squat,"[{""load"":205,""success"":true}]",,RX,
03/28/2025,Friday - 3.28.2025,12:00 AMRAP400m Run10 Toes-to-Bar4 Rope Climbs,252,252,Reps,,"[{""reps"":252}]","Banded pull-ups, still building back strength",SCALED,
03/31/2025,Monday - 3.31.2025,12:00 EMOMMinute 1: 13 Wall Balls 20#/14#Minute 2: 13 Cal RowMinute 3: 3 Rope ClimbsMinute 4: Rest,1,Yes,Checkbox,,"[{""boolean"":1}]",Knees-to-chest instead of T2B today,SCALED,
04/09/2025,Wednesday - 4.9.2025,FOR TIME:4 Rounds:39 Double Unders6 Power Cleans 135#/95#15 Goblet Squats 53#/35#,871,14:31,,,"[{""mins"":14,""secs"":31}]",,SCALED,
04/10/2025,Thursday - 4.10.2025,20:00 AMRAP52 Single Unders10 HPC 115#/75#8 Pull-Ups,3,3+15,Rounds + Reps,,"[{""rnds"":3,""reps"":15}]",Kept all sets of 5 touch and go,RX,
04/11/2025,Friday - 4.11.2025,FOR TIME:50 Cal Ski200m Run30 Cal Row20 Rope Climbs10 Burpees,603,10:03,,,"[{""mins"":10,""secs"":3}]",First workout back — rough but happy to be in the gym,RX,
04/16/2025,Wednesday - 4.16.2025,16:00 EMOMMinute 1: 16 Cal BikeMinute 2: 25 Air SquatsMinute 3: 400m RunMinute 4: Rest,1,Yes,Checkbox,,"[{""boolean"":1}]",Went lighter to keep moving the whole time,SCALED,
04/17/2025,Thursday - 4.17.2025,"FOR TIME:21-15-9BurpeesBox Jumps 24""/20""",456,7:36,,,"[{""mins"":7,""secs"":36}]",,SCALED,
04/21/2025,Box Jump: Max Height,Work to a max height box jump.15:00 window.,26,26,Inches,,"[{""inches"":26}]",,RX,PR
04/24/2025,Thursday - 4.24.2025,FOR TIME:21-15-9Deadlifts 225#/155#Pull-Ups,363,6:03,,,"[{""mins"":6,""secs"":3}]",,RX,
04/25/2025,12:00 Max Meters Row,"Row for max meters in 12:00.Steady pace, empty the tank.",2414,2414,Meters,,"[{""meters"":2414}]",,RX,
04/26/2025,STRENGTH - Deadlifts,In a 20 minute windowBuild to a 1RM Deadlift.,315,315,Load,Deadlift,"[{""load"":315,""success"":true}]",PR and it moved fast,RX,PR
04/29/2025,Tuesday - 4.29.2025,"FOR TIME:4 Rounds:21 KB Swings 53#/35#30 Air Squats11 Box Jumps 24""/20""",494,8:14,,,"[{""mins"":8,""secs"":14}]",Legs were toast from yesterday,RX,
05/02/2025,Friday - 5.2.2025,Partner WOD:80 Cal Row60 Wall Balls 20#/14#40 BurpeesSplit as needed.,,Completed with 75#,Other / Text,,"[{""other"":""Completed with 75#""}]","Unbroken on the first two rounds, then it fell apart",RX,
05/06/2025,Tuesday - 5.6.2025,"FOR TIME:50 Single Unders40 DB Snatches 50#/35#30 Box Jumps 24""/20""20 Double Unders10 Wall Balls 20#/14#",1349,22:29,,,"[{""mins"":22,""secs"":29}]",,SCALED,
05/07/2025,Wednesday - 5.7.2025,FOR TIME:3 Rounds:12 Goblet Squats 53#/35#15 Deadlifts 185#/125#15 Pull-Ups,1018,16:58,,,"[{""mins"":16,""secs"":58}]",Half the double unders as singles,SCALED,
05/08/2025,Post-WOD Core,3 Rounds:15 Hollow Rocks20 Flutter Kicks30s Plank,1,Yes,Checkbox,,"[{""boolean"":1}]",,RX,
05/15/2025,CORE,3 Rounds:15 Hollow Rocks20 Flutter Kicks30s Plank,1,Yes,Checkbox,,"[{""boolean"":1}]",,RX,
05/16/2025,Friday - 5.16.2025,FOR TIME:3 Rounds:10 Overhead Squats 95#/65#27 Air Squats14 Cal Bike,1027,17:07,,,"[{""mins"":17,""secs"":7}]",,RX,
05/19/2025,Monday 5.19.2025 Coach Dana/Dana,20:00 AMRAP24 Russian KB Swings 70#/53#9 Burpees11 Pull-Ups,7,7+15,Rounds + Reps,,"[{""rnds"":7,""reps"":15}]",,RX,
05/22/2025,CORE,3 Rounds:15 Hollow Rocks20 Flutter Kicks30s Plank,1,Yes,Checkbox,,"[{""boolean"":1}]",,RX,
05/23/2025,Friday - 5.23.2025,"12:00 AMRAP12 Box Step-Ups 24""/20""16 Cal Row9 Toes-to-Bar",318,318,Reps,,"[{""reps"":318}]",Cardio is coming back 💪,RX,
05/26/2025,"""MURPH""","FOR TIME:1 Mile Run100 Pull-Ups200 Push-Ups300 Air Squats1 Mile Run*Partition the pull-ups, push-ups, and squats as needed.",3273,54:33,,,"[{""mins"":54,""secs"":33}]",Memorial Day Murph 🇺🇸,RX,
05/28/2025,Wednesday - 5.28.2025,FOR TIME:3 Rounds:200m Run7 Chest-to-Bar Pull-Ups15 Cal Row*19:00 TIME CAP,924,15:24,,,"[{""mins"":15,""secs"":24}]","Transitions killed me, need to move faster between stations",RX,
05/29/2025,Bench Press 5x5,"5 sets of 5 reps.Across, building from last week.",155,155,Load,Bench Press,"[{""load"":135,""success"":true},{""load"":140,""success"":true},{""load"":145,""success"":true}]",,RX,
06/02/2025,Monday - 6.2.2025,12:00 EMOMMinute 1: 8 Front Squats 115#/85#Minute 2: 17 Cal RowMinute 3: 11 Overhead Squats 95#/65#Minute 4: Rest,156,156,Reps,,"[{""reps"":156}]",,RX,
06/04/2025,"""HELEN""",FOR TIME:3 Rounds:400m Run21 KB Swings 53#/35#12 Pull-Ups,834,13:54,,,"[{""mins"":13,""secs"":54}]",Shoulder felt good again finally,RX,
06/07/2025,Saturday - 6.7.2025,FOR TIME:400m Run40 Air Squats30 Hang Snatches 95#/65#20 Rope Climbs10 Walking Lunges,976,16:16,,,"[{""mins"":16,""secs"":16}]",Grip was the limiter today,RX,
06/10/2025,Tuesday - 6.10.2025,FOR TIME:21-15-9BurpeesPower Cleans 135#/95#,430,7:10,,,"[{""mins"":7,""secs"":10}]",Best engine day in a while 🔥,RX,
06/12/2025,Thursday - 6.12.2025,"FOR TIME:50 HPC 115#/75#40 Air Squats30 Box Step-Ups 24""/20""20 Hang Snatches 95#/65#10 Toes-to-Bar",769,12:49,,,"[{""mins"":12,""secs"":49}]",,SCALED,
06/13/2025,Friday 6.13.2025 Coach Priya/Priya,20:00 EMOMMinute 1: 6 HSPUMinute 2: 11 Cal SkiMinute 3: 12 KB Swings 53#/35#Minute 4: Rest,127,127,Reps,,"[{""reps"":127}]",,RX,
06/14/2025,Saturday - 6.14.2025,"FOR TIME:50 Box Jumps 24""/20""40 Cal Ski30 Chest-to-Bar Pull-Ups20 Burpees10 Russian KB Swings 70#/53#",943,15:43,,,"[{""mins"":15,""secs"":43}]",,RX,
06/19/2025,Thursday 6.19.2025 Coach Val/Theo,FOR TIME:50 Walking Lunges40 Deadlifts 185#/125#30 Front Squats 115#/85#400m Run10 Single Unders,828,13:48,,,"[{""mins"":13,""secs"":48}]",,RX,
06/23/2025,Monday - 6.23.2025,FOR TIME:50 Pull-Ups40 Double Unders30 Overhead Squats 95#/65#20 Sit-Ups10 Hang Snatches 95#/65#,1416,23:36,,,"[{""mins"":23,""secs"":36}]",Knees-to-chest instead of T2B today,SCALED,
07/03/2025,STRENGTH - Overhead Squats,In a 20 minute windowBuild to a 1RM Overhead Squat.,155,155,Load,Overhead Squat,"[{""load"":155,""success"":true}]",First workout back — rough but happy to be in the gym,RX,
07/07/2025,Monday - 7.7.2025,FOR TIME:3 Rounds:9 HPC 115#/75#15 Thrusters 95#/65#11 Overhead Squats 95#/65#,821,13:41,,,"[{""mins"":13,""secs"":41}]",First workout back — rough but happy to be in the gym,RX,
07/28/2025,Monday - 7.28.2025,"FOR TIME:50 Sit-Ups40 Box Jumps 24""/20""30 Russian KB Swings 70#/53#20 KB Swings 53#/35#10 HSPU",1352,22:32,,,"[{""mins"":22,""secs"":32}]",,SCALED,
07/29/2025,Tuesday 7.29.2025 Coach Val/Val,16:00 EMOMMinute 1: 11 Deadlifts 185#/125#Minute 2: 2 Rope ClimbsMinute 3: 11 Pull-UpsMinute 4: Rest,1,Yes,Checkbox,,"[{""boolean"":1}]",,SCALED,
08/01/2025,Friday - 8.1.2025,20:00 EMOMMinute 1: 11 BurpeesMinute 2: 200m RunMinute 3: 12 HSPUMinute 4: Rest,1,Yes,Checkbox,,"[{""boolean"":1}]","Slow and steady, just wanted to move today",RX,
08/04/2025,Monday - 8.4.2025,FOR TIME:50 Deadlifts 185#/125#40 Burpees30 Wall Balls 20#/14#20 Cal Ski10 DB Snatches 50#/35#,1372,22:52,,,"[{""mins"":22,""secs"":52}]","Unbroken on the first two rounds, then it fell apart",RX,
08/05/2025,Tuesday - 8.5.2025,12:00 EMOMMinute 1: 12 Overhead Squats 95#/65#Minute 2: 8 Deadlifts 185#/125#Minute 3: 11 Chest-to-Bar Pull-UpsMinute 4: Rest,1,Yes,Checkbox,,"[{""boolean"":1}]",,RX,
08/06/2025,Wednesday 8.6.2025 Coach Theo/Dana,15:00 AMRAP19 Cal Row14 Burpees9 Hang Snatches 95#/65#,315,315,Reps,,"[{""reps"":315}]",Scaled the HSPU to pike push-ups,SCALED,
08/07/2025,Thursday 8.7.2025 Coach Priya/Theo,10:00 AMRAP22 Russian KB Swings 70#/53#17 Push-Ups76 Single Unders,246,246,Reps,,"[{""reps"":246}]",,RX,
08/16/2025,Saturday - 8.16.2025,12:00 EMOMMinute 1: 30 Sit-UpsMinute 2: 10 Pull-UpsMinute 3: 13 Push Press 75#/55#Minute 4: Rest,201,201,Reps,,"[{""reps"":201}]",Felt strong — breathing stayed under control,RX,
08/18/2025,Monday - 8.18.2025,20:00 AMRAP18 KB Swings 53#/35#19 Cal Bike10 Push Press 75#/55#,230,230,Reps,,"[{""reps"":230}]",,RX,
08/19/2025,Tuesday - 8.19.2025,15:00 AMRAP16 Goblet Squats 53#/35#57 Double Unders10 Cal Ski,360,360,Reps,,"[{""reps"":360}]",Best engine day in a while 🔥,RX,
08/28/2025,Thursday - 8.28.2025,12:00 AMRAP19 Goblet Squats 53#/35#13 Cal Ski20 Push-Ups,5,5+3,Rounds + Reps,,"[{""rnds"":5,""reps"":3}]",,RX,
08/29/2025,Deadlift 5x3,"5 sets of 3 reps.Across, building from last week.",260,260,Load,Deadlift,"[{""load"":240,""success"":true},{""load"":245,""success"":true},{""load"":250,""success"":true}]",Kept all sets of 5 touch and go,RX,
09/01/2025,STRENGTH - Deadlifts,In a 20 minute windowBuild to a heavy triple Deadlift.,325,325,Load,Deadlift,"[{""load"":325,""success"":true}]",New PR! 🎉,RX,PR
09/03/2025,Power Snatch 5x3,"5 sets of 3 reps.Across, building from last week.",90,90,Load,Power Snatch,"[{""load"":70,""success"":true},{""load"":75,""success"":true},{""load"":80,""success"":true}]",,RX,
09/04/2025,Thursday - 9.4.2025,12:00 AMRAP17 Cal Ski12 Power Cleans 135#/95#68 Single Unders,312,312,Reps,,"[{""reps"":312}]",,RX,
09/09/2025,Tuesday 9.9.2025 Coach Priya/Theo,16:00 EMOMMinute 1: 16 Russian KB Swings 70#/53#Minute 2: 200m RunMinute 3: 9 Front Squats 115#/85#Minute 4: Rest,186,186,Reps,,"[{""reps"":186}]",,RX,
09/10/2025,Wednesday - 9.10.2025,12:00 AMRAP13 Goblet Squats 53#/35#17 KB Swings 53#/35#10 Burpees,150,150,Reps,,"[{""reps"":150}]","Banded pull-ups, still building back strength",SCALED,
09/15/2025,Monday - 9.15.2025,FOR TIME:5 Rounds:25 Walking Lunges23 Russian KB Swings 70#/53#15 Push Press 75#/55#*20:00 TIME CAP,504,8:24,,,"[{""mins"":8,""secs"":24}]",,RX,
09/16/2025,Tuesday - 9.16.2025,FOR TIME:50 Power Cleans 135#/95#40 HPC 115#/75#30 Front Squats 115#/85#20 Push-Ups10 DB Snatches 50#/35#,1366,22:46,,,"[{""mins"":22,""secs"":46}]",Legs were toast from yesterday,RX,
09/17/2025,Box Jump: Max Height,Work to a max height box jump.15:00 window.,34,34,Inches,,"[{""inches"":34}]",,RX,
09/18/2025,Thursday - 9.18.2025,FOR TIME:5 Rounds:26 Air Squats17 Push-Ups12 HSPU,899,14:59,,,"[{""mins"":14,""secs"":59}]",,RX,
09/22/2025,Monday - 9.22.2025,FOR TIME:21-15-9BurpeesCal Row,567,9:27,,,"[{""mins"":9,""secs"":27}]",Best engine day in a while 🔥,SCALED,
09/25/2025,Thursday - 9.25.2025,FOR TIME:50 HPC 115#/75#40 Wall Balls 20#/14#30 Overhead Squats 95#/65#20 Air Squats10 Cal Ski,689,11:29,,,"[{""mins"":11,""secs"":29}]","Went out too hot, paid for it on round 3",RX,
09/30/2025,"""JACKIE""",FOR TIME:1000m Row50 Thrusters 45#/35#30 Pull-Ups,831,13:51,,,"[{""mins"":13,""secs"":51}]",,RX,
10/01/2025,Wednesday - 10.1.2025,15:00 AMRAP11 Front Squats 115#/85#15 Toes-to-Bar10 Power Cleans 135#/95#,6,6+2,Rounds + Reps,,"[{""rnds"":6,""reps"":2}]",,RX,
10/06/2025,Monday - 10.6.2025,20:00 EMOMMinute 1: 13 Pull-UpsMinute 2: 61 Single UndersMinute 3: 20 Cal BikeMinute 4: Rest,1,Yes,Checkbox,,"[{""boolean"":1}]",Scaled to 65# — form over ego,SCALED,
10/08/2025,Deadlift 5x5,"5 sets of 5 reps.Across, building from last week.",265,265,Load,Deadlift,"[{""load"":245,""success"":true},{""load"":250,""success"":true},{""load"":255,""success"":true}]",,RX,
10/09/2025,Thursday - 10.9.2025,FOR TIME:21-15-9BurpeesPull-Ups,569,9:29,,,"[{""mins"":9,""secs"":29}]",,SCALED,
10/10/2025,Friday - 10.10.2025,FOR TIME:50 Wall Balls 20#/14#40 Sit-Ups30 Pull-Ups20 Front Squats 115#/85#10 Push Press 75#/55#,957,15:57,,,"[{""mins"":15,""secs"":57}]",Shoulder felt good again finally,RX,
10/14/2025,Tuesday - 10.14.2025,10:00 AMRAP9 HPC 115#/75#14 Push Press 75#/55#15 Cal Row,306,306,Reps,,"[{""reps"":306}]",Cardio is coming back 💪,RX,
10/15/2025,OLY - Pause Back Squat,5 x 2 Pause Back Squats.3 second pause in the bottom.,225,225,Load,Pause Back Squat,"[{""load"":225,""success"":true}]",Legs were toast from yesterday,RX,
10/17/2025,Friday - 10.17.2025,"12:00 AMRAP73 Single Unders18 Box Step-Ups 24""/20""17 Goblet Squats 53#/35#",8,8+7,Rounds + Reps,,"[{""rnds"":8,""reps"":7}]","Went out too hot, paid for it on round 3",RX,
10/23/2025,Thursday - 10.23.2025,"20:00 AMRAP12 Box Step-Ups 24""/20""24 Russian KB Swings 70#/53#12 Toes-to-Bar",408,408,Reps,,"[{""reps"":408}]",Scaled the HSPU to pike push-ups,SCALED,
10/24/2025,Friday - 10.24.2025,15:00 AMRAP11 Cal Ski15 Push-Ups13 Wall Balls 20#/14#,306,306,Reps,,"[{""reps"":306}]",Quick singles on the bar work paid off,RX,
10/25/2025,Saturday - 10.25.2025,12:00 EMOMMinute 1: 7 Chest-to-Bar Pull-UpsMinute 2: 17 Cal BikeMinute 3: 15 Goblet Squats 53#/35#Minute 4: Rest,224,224,Reps,,"[{""reps"":224}]",,RX,
10/28/2025,Tuesday - 10.28.2025,FOR TIME:5 Rounds:8 HPC 115#/75#15 DB Snatches 50#/35#12 Push-Ups*13:00 TIME CAP,490,8:10,,,"[{""mins"":8,""secs"":10}]",,RX,
10/29/2025,Wednesday - 10.29.2025,FOR TIME:4 Rounds:6 Chest-to-Bar Pull-Ups12 Push Press 75#/55#16 KB Swings 53#/35#,636,10:36,,,"[{""mins"":10,""secs"":36}]","Transitions killed me, need to move faster between stations",RX,
11/04/2025,Tuesday - 11.4.2025,FOR TIME:50 Goblet Squats 53#/35#40 Air Squats30 Walking Lunges20 Chest-to-Bar Pull-Ups10 Toes-to-Bar,692,11:32,,,"[{""mins"":11,""secs"":32}]","Went out too hot, paid for it on round 3",RX,
11/13/2025,Thursday - 11.13.2025,FOR TIME:5 Rounds:11 Power Cleans 135#/95#54 Double Unders13 Deadlifts 185#/125#,1050,17:30,,,"[{""mins"":17,""secs"":30}]",First workout back — rough but happy to be in the gym,RX,
11/17/2025,Monday - 11.17.2025,"FOR TIME:50 Russian KB Swings 70#/53#40 KB Swings 53#/35#30 Deadlifts 185#/125#20 Cal Ski10 Box Jumps 24""/20""",862,14:22,,,"[{""mins"":14,""secs"":22}]",Felt strong — breathing stayed under control,RX,
11/18/2025,Tuesday - 11.18.2025,"FOR TIME:50 Single Unders40 KB Swings 53#/35#30 DB Snatches 50#/35#20 Box Step-Ups 24""/20""10 Chest-to-Bar Pull-Ups",1284,21:24,,,"[{""mins"":21,""secs"":24}]","Coach fixed my pull timing, huge difference",RX,
11/19/2025,Wednesday - 11.19.2025,"FOR TIME:200m Run40 Box Jumps 24""/20""30 Push-Ups20 Pull-Ups10 Goblet Squats 53#/35#",915,15:15,,,"[{""mins"":15,""secs"":15}]","Paced the row, sprinted the finish",RX,
11/25/2025,Tuesday - 11.25.2025,10:00 AMRAP13 Pull-Ups13 Cal Ski200m Run,5,5+11,Rounds + Reps,,"[{""rnds"":5,""reps"":11}]","Transitions killed me, need to move faster between stations",RX,
11/27/2025,Deadlift 3x3,"3 sets of 3 reps.Across, building from last week.",270,270,Load,Deadlift,"[{""load"":260,""success"":true},{""load"":265,""success"":true},{""load"":270,""success"":true}]","Slow and steady, just wanted to move today",RX,
11/29/2025,STRENGTH - Overhead Squats,In a 20 minute windowBuild to a 1RM Overhead Squat.,140,140,Load,Overhead Squat,"[{""load"":140,""success"":true}]",,RX,
12/02/2025,Tuesday 12.2.2025 Coach Jo/Theo,15:00 AMRAP5 HSPU22 Wall Balls 20#/14#11 Cal Ski,6,6+3,Rounds + Reps,,"[{""rnds"":6,""reps"":3}]",Kept all sets of 5 touch and go,RX,
12/09/2025,STRENGTH - Bench Press,In a 20 minute windowBuild to a 1RM Bench Press.,195,195,Load,Bench Press,"[{""load"":195,""success"":true}]",New PR! 🎉,RX,PR
12/18/2025,Thursday - 12.18.2025,FOR TIME:21-15-9BurpeesThrusters 95#/65#,597,9:57,,,"[{""mins"":9,""secs"":57}]",Grip was the limiter today,SCALED,
12/22/2025,Monday - 12.22.2025,FOR TIME:5 Rounds:9 Deadlifts 185#/125#10 Hang Snatches 95#/65#8 HSPU,436,7:16,,,"[{""mins"":7,""secs"":16}]",Felt strong — breathing stayed under control,RX,
12/25/2025,Thursday - 12.25.2025,"20:00 AMRAP53 Single Unders19 Box Step-Ups 24""/20""19 DB Snatches 50#/35#",192,192,Reps,,"[{""reps"":192}]",Kept all sets of 5 touch and go,SCALED,
12/26/2025,Friday - 12.26.2025,15:00 AMRAP28 Air Squats17 Goblet Squats 53#/35#19 Wall Balls 20#/14#,352,352,Reps,,"[{""reps"":352}]",Quick singles on the bar work paid off,RX,
12/30/2025,Tuesday - 12.30.2025,FOR TIME:21-15-9BurpeesPush-Ups,588,9:48,,,"[{""mins"":9,""secs"":48}]",Grip was the limiter today,SCALED,
01/02/2026,Friday - 1.2.2026,FOR TIME:21-15-9Overhead Squats 95#/65#Wall Balls 20#/14#,384,6:24,,,"[{""mins"":6,""secs"":24}]",Best engine day in a while 🔥,RX,
01/03/2026,SKILL - Double Unders,Spend 12:00 practicing double unders.Rate how it felt.,5,5,Emoji Selection,,"[{""index"":5}]","Unbroken on the first two rounds, then it fell apart",RX,
01/06/2026,STRENGTH - Back Squats,In a 20 minute windowBuild to a 1RM Back Squat.,270,270,Load,Back Squat,"[{""load"":270,""success"":true}]",270# — five pound PR,RX,PR
01/07/2026,Wednesday - 1.7.2026,FOR TIME:21-15-9Thrusters 95#/65#Power Cleans 135#/95#,468,7:48,,,"[{""mins"":7,""secs"":48}]",Cardio is coming back 💪,RX,
01/09/2026,Friday - 1.9.2026,FOR TIME:50 Hang Snatches 95#/65#40 HPC 115#/75#30 HSPU20 Cal Ski10 Air Squats,1081,18:01,,,"[{""mins"":18,""secs"":1}]","Banded pull-ups, still building back strength",SCALED,
01/10/2026,Bench Press 5x3,"5 sets of 3 reps.Across, building from last week.",160,160,Load,Bench Press,"[{""load"":140,""success"":true},{""load"":145,""success"":true},{""load"":150,""success"":true}]",,RX,
01/12/2026,Monday 1.12.2026 Coach Theo/Theo,"10:00 AMRAP23 Sit-Ups14 Box Jumps 24""/20""8 Thrusters 95#/65#",371,371,Reps,,"[{""reps"":371}]",,RX,
01/13/2026,Tuesday - 1.13.2026,20:00 AMRAP14 Push Press 75#/55#6 HSPU17 Russian KB Swings 70#/53#,162,162,Reps,,"[{""reps"":162}]",Scaled the HSPU to pike push-ups,SCALED,
01/14/2026,Wednesday - 1.14.2026,FOR TIME:50 HSPU40 Push-Ups30 Deadlifts 185#/125#20 Front Squats 115#/85#10 Air Squats,1332,22:12,,,"[{""mins"":22,""secs"":12}]",,RX,
01/15/2026,Thursday 1.15.2026 Coach Priya/Marcus,Partner WOD:80 Cal Row60 Wall Balls 20#/14#40 BurpeesSplit as needed.,,Worked to a smooth set of 3,Other / Text,,"[{""other"":""Worked to a smooth set of 3""}]",Quick singles on the bar work paid off,RX,
01/16/2026,Friday - 1.16.2026,"FOR TIME:50 Overhead Squats 95#/65#40 Single Unders30 Box Step-Ups 24""/20""20 Toes-to-Bar10 Cal Row",1200,20:00,,,"[{""mins"":20,""secs"":0}]",Quick singles on the bar work paid off,RX,
01/20/2026,Tuesday - 1.20.2026,FOR TIME:5 Rounds:8 Chest-to-Bar Pull-Ups8 HPC 115#/75#12 HSPU,804,13:24,,,"[{""mins"":13,""secs"":24}]",Best engine day in a while 🔥,RX,
01/28/2026,Wednesday - 1.28.2026,20:00 EMOMMinute 1: 20 Walking LungesMinute 2: 12 Cal SkiMinute 3: 13 Cal RowMinute 4: Rest,201,201,Reps,,"[{""reps"":201}]",First workout back — rough but happy to be in the gym,RX,
01/29/2026,Thursday - 1.29.2026,16:00 EMOMMinute 1: 15 Cal RowMinute 2: 11 DB Snatches 50#/35#Minute 3: 66 Single UndersMinute 4: Rest,138,138,Reps,,"[{""reps"":138}]",Quick singles on the bar work paid off,RX,
01/30/2026,Friday - 1.30.2026,FOR TIME:3 Rounds:10 DB Snatches 50#/35#8 HSPU8 Chest-to-Bar Pull-Ups*20:00 TIME CAP,672,11:12,,,"[{""mins"":11,""secs"":12}]",Went lighter to keep moving the whole time,SCALED,
02/02/2026,Monday - 2.2.2026,"12:00 EMOMMinute 1: 25 Air SquatsMinute 2: 10 Toes-to-BarMinute 3: 15 Box Step-Ups 24""/20""Minute 4: Rest",1,Yes,Checkbox,,"[{""boolean"":1}]","Paced the row, sprinted the finish",SCALED,
02/04/2026,Box Jump: Max Height,Work to a max height box jump.15:00 window.,28,28,Inches,,"[{""inches"":28}]",,RX,PR
02/11/2026,Wednesday - 2.11.2026,FOR TIME:5 Rounds:18 Push-Ups20 Cal Bike13 Pull-Ups,462,7:42,,,"[{""mins"":7,""secs"":42}]",Knees-to-chest instead of T2B today,SCALED,
02/12/2026,OLY - Pause Back Squat,5 x 2 Pause Back Squats.3 second pause in the bottom.,225,225,Load,Pause Back Squat,"[{""load"":225,""success"":true}]",,RX,
02/13/2026,Box Jump: Max Height,Work to a max height box jump.15:00 window.,29,29,Inches,,"[{""inches"":29}]",,RX,PR
02/18/2026,Wednesday 2.18.2026 Coach Theo/Theo,"12:00 AMRAP10 Toes-to-Bar18 Box Jumps 24""/20""19 KB Swings 53#/35#",210,210,Reps,,"[{""reps"":210}]",Kept all sets of 5 touch and go,RX,
02/19/2026,Thursday - 2.19.2026,FOR TIME:50 Wall Balls 20#/14#40 Air Squats200m Run20 Double Unders10 Thrusters 95#/65#,652,10:52,,,"[{""mins"":10,""secs"":52}]",Legs were toast from yesterday,RX,
02/20/2026,Friday - 2.20.2026,FOR TIME:3 Rounds:12 Power Cleans 135#/95#200m Run10 Burpees*13:00 TIME CAP,1008,16:48,,,"[{""mins"":16,""secs"":48}]",,SCALED,
02/21/2026,Saturday - 2.21.2026,FOR TIME:50 Goblet Squats 53#/35#40 Sit-Ups30 Chest-to-Bar Pull-Ups20 Thrusters 95#/65#10 Wall Balls 20#/14#,819,13:39,,,"[{""mins"":13,""secs"":39}]",Half the double unders as singles,SCALED,
02/23/2026,STRENGTH - Strict Presses,In a 20 minute windowBuild to a heavy triple Strict Press.,120,120,Load,Strict Press,"[{""load"":120,""success"":true}]",PR and it moved fast,RX,PR
02/24/2026,Tuesday - 2.24.2026,FOR TIME:4 Rounds:7 HSPU4 Rope Climbs12 Pull-Ups,424,7:04,,,"[{""mins"":7,""secs"":4}]",Best engine day in a while 🔥,RX,
02/26/2026,Thursday - 2.26.2026,10:00 AMRAP13 Cal Ski12 Push Press 75#/55#14 Toes-to-Bar,248,248,Reps,,"[{""reps"":248}]",Should have gone heavier,RX,
02/27/2026,Open 26.1,15:00 AMRAP6 Chest-to-Bar Pull-Ups11 Front Squats 115#/85#12 Cal Bike*CrossFit Open 26.1,140,140,Reps,,"[{""reps"":140}]",Judged by a coach — every rep counted,RX,
03/02/2026,Monday - 3.2.2026,"20:00 AMRAP12 Toes-to-Bar18 Box Jumps 24""/20""14 Deadlifts 185#/125#",282,282,Reps,,"[{""reps"":282}]",,RX,
03/05/2026,Thursday - 3.5.2026,FOR TIME:50 Chest-to-Bar Pull-Ups40 Cal Ski30 Push-Ups20 Sit-Ups10 Goblet Squats 53#/35#,710,11:50,,,"[{""mins"":11,""secs"":50}]",Scaled the HSPU to pike push-ups,SCALED,
03/06/2026,Open 26.2,"12:00 AMRAP10 Power Cleans 135#/95#12 Box Jumps 24""/20""19 Cal Bike*CrossFit Open 26.2",256,256,Reps,,"[{""reps"":256}]",Judged by a coach — every rep counted,RX,
03/09/2026,CORE,3 Rounds:15 Hollow Rocks20 Flutter Kicks30s Plank,1,Yes,Checkbox,,"[{""boolean"":1}]",,RX,
03/11/2026,Wednesday - 3.11.2026,12:00 AMRAP6 Power Cleans 135#/95#18 DB Snatches 50#/35#23 Sit-Ups,210,210,Reps,,"[{""reps"":210}]",Kept all sets of 5 touch and go,RX,
03/12/2026,Thursday 3.12.2026 Coach Val/Val,12:00 AMRAP12 Push-Ups16 Goblet Squats 53#/35#13 Burpees,4,4+1,Rounds + Reps,,"[{""rnds"":4,""reps"":1}]","Coach fixed my pull timing, huge difference",RX,
03/13/2026,Open 26.3,"15:00 AMRAP15 Thrusters 95#/65#13 Box Step-Ups 24""/20""20 Cal Bike*CrossFit Open 26.3",317,317,Reps,,"[{""reps"":317}]",Judged by a coach — every rep counted,RX,
03/16/2026,STRENGTH - Power Snatches,In a 20 minute windowBuild to a 1RM Power Snatch.,130,130,Load,Power Snatch,"[{""load"":130,""success"":true}]",Shoulder felt good again finally,RX,
03/20/2026,Friday - 3.20.2026,FOR TIME:50 KB Swings 53#/35#40 Single Unders30 Cal Row20 HSPU10 DB Snatches 50#/35#,842,14:02,,,"[{""mins"":14,""secs"":2}]",Shoulder felt good again finally,RX,
03/21/2026,Saturday - 3.21.2026,15:00 AMRAP18 DB Snatches 50#/35#12 Push Press 75#/55#21 KB Swings 53#/35#,132,132,Reps,,"[{""reps"":132}]",Shoulder felt good again finally,SCALED,
03/23/2026,Monday - 3.23.2026,12:00 EMOMMinute 1: 15 Air SquatsMinute 2: 13 Push Press 75#/55#Minute 3: 14 Pull-UpsMinute 4: Rest,212,212,Reps,,"[{""reps"":212}]","Slow and steady, just wanted to move today",RX,
03/24/2026,Tuesday - 3.24.2026,"15:00 AMRAP400m Run7 Overhead Squats 95#/65#14 Box Jumps 24""/20""",235,235,Reps,,"[{""reps"":235}]",Kept all sets of 5 touch and go,RX,
03/26/2026,Thursday - 3.26.2026,"FOR TIME:50 Russian KB Swings 70#/53#40 HSPU30 Box Jumps 24""/20""20 Burpees10 Wall Balls 20#/14#",1433,23:53,,,"[{""mins"":23,""secs"":53}]",Kept all sets of 5 touch and go,RX,
03/30/2026,Monday - 3.30.2026,"FOR TIME:3 Rounds:9 Power Cleans 135#/95#10 HSPU19 Box Step-Ups 24""/20""*20:00 TIME CAP",515,8:35,,,"[{""mins"":8,""secs"":35}]",Grip was the limiter today,SCALED,
03/31/2026,"""ANNIE""",FOR TIME:50-40-30-20-10Double UndersSit-Ups,658,10:58,,,"[{""mins"":10,""secs"":58}]",,RX,
04/03/2026,Friday - 4.3.2026,"12:00 AMRAP400m Run20 Box Step-Ups 24""/20""20 Wall Balls 20#/14#",96,96,Reps,,"[{""reps"":96}]",,RX,
04/07/2026,STRENGTH - Power Snatches,In a 20 minute windowBuild to a 1RM Power Snatch.,125,125,Load,Power Snatch,"[{""load"":125,""success"":true}]",,RX,
04/10/2026,"""FRAN""",FOR TIME:21-15-9Thrusters 95#/65#Pull-Ups,305,5:05,,,"[{""mins"":5,""secs"":5}]",Fran PR — pacing finally clicked,RX,PR
04/13/2026,Deadlift 5x5,"5 sets of 5 reps.Across, building from last week.",280,280,Load,Deadlift,"[{""load"":260,""success"":true},{""load"":265,""success"":true},{""load"":270,""success"":true}]",Best engine day in a while 🔥,RX,
04/14/2026,Tuesday - 4.14.2026,FOR TIME:21-15-9BurpeesOverhead Squats 95#/65#,491,8:11,,,"[{""mins"":8,""secs"":11}]",That one hurt. In a good way.,RX,
04/15/2026,"""HELEN""",FOR TIME:3 Rounds:400m Run21 KB Swings 53#/35#12 Pull-Ups,837,13:57,,,"[{""mins"":13,""secs"":57}]",Best engine day in a while 🔥,RX,
04/16/2026,Back Squat 5x3,"5 sets of 3 reps.Across, building from last week.",220,220,Load,Back Squat,"[{""load"":200,""success"":true},{""load"":205,""success"":true},{""load"":210,""success"":true}]","Paced the row, sprinted the finish",RX,
04/20/2026,Monday - 4.20.2026,FOR TIME:50 Air Squats40 Toes-to-Bar30 Chest-to-Bar Pull-Ups20 Pull-Ups10 Push-Ups,613,10:13,,,"[{""mins"":10,""secs"":13}]",Felt strong — breathing stayed under control,RX,
04/23/2026,Thursday 4.23.2026 Coach Dana/Jo,FOR TIME:21-15-9Overhead Squats 95#/65#Wall Balls 20#/14#,465,7:45,,,"[{""mins"":7,""secs"":45}]",Cardio is coming back 💪,SCALED,
04/24/2026,Friday - 4.24.2026,FOR TIME:4 Rounds:15 Cal Bike16 KB Swings 53#/35#12 Push Press 75#/55#*13:00 TIME CAP,534,8:54,,,"[{""mins"":8,""secs"":54}]",,RX,
04/30/2026,STRENGTH - Power Cleans,In a 20 minute windowBuild to a heavy single Power Clean.,180,180,Load,Power Clean,"[{""load"":180,""success"":true}]",,RX,
05/07/2026,Thursday - 5.7.2026,12:00 AMRAP12 Wall Balls 20#/14#13 KB Swings 53#/35#9 Burpees,114,114,Reps,,"[{""reps"":114}]","Paced the row, sprinted the finish",RX,
05/11/2026,"""JACKIE""",FOR TIME:1000m Row50 Thrusters 45#/35#30 Pull-Ups,744,12:24,,,"[{""mins"":12,""secs"":24}]",Cardio is coming back 💪,RX,
05/12/2026,Tuesday - 5.12.2026,20:00 AMRAP13 Pull-Ups10 HPC 115#/75#23 Russian KB Swings 70#/53#,288,288,Reps,,"[{""reps"":288}]",Felt strong — breathing stayed under control,RX,
05/14/2026,SKILL - Pistols,Spend 12:00 practicing pistols.Rate how it felt.,3,3,Emoji Selection,,"[{""index"":3}]",That one hurt. In a good way.,RX,
05/15/2026,Friday 5.15.2026 Coach Priya/Dana,FOR TIME:50 Cal Ski40 HPC 115#/75#30 Cal Bike20 Thrusters 95#/65#10 Power Cleans 135#/95#,1081,18:01,,,"[{""mins"":18,""secs"":1}]",,RX,
05/18/2026,Monday - 5.18.2026,FOR TIME:50 Air Squats200m Run30 Cal Row20 Toes-to-Bar10 Rope Climbs,1223,20:23,,,"[{""mins"":20,""secs"":23}]","Slow and steady, just wanted to move today",RX,
05/20/2026,Wednesday - 5.20.2026,20:00 AMRAP14 Cal Ski16 Wall Balls 20#/14#14 Deadlifts 185#/125#,320,320,Reps,,"[{""reps"":320}]","Slow and steady, just wanted to move today",RX,
05/21/2026,Thursday - 5.21.2026,12:00 AMRAP10 Thrusters 95#/65#7 HPC 115#/75#9 Overhead Squats 95#/65#,252,252,Reps,,"[{""reps"":252}]",,SCALED,
05/22/2026,Friday - 5.22.2026,12:00 AMRAP10 HSPU20 Push-Ups19 KB Swings 53#/35#,250,250,Reps,,"[{""reps"":250}]",,SCALED,
05/25/2026,"""MURPH""","FOR TIME:1 Mile Run100 Pull-Ups200 Push-Ups300 Air Squats1 Mile Run*Partition the pull-ups, push-ups, and squats as needed.",3032,50:32,,,"[{""mins"":50,""secs"":32}]",Murph with the whole gym. Brutal and great.,RX,PR
05/26/2026,Tuesday - 5.26.2026,FOR TIME:21-15-9Overhead Squats 95#/65#Deadlifts 225#/155#,691,11:31,,,"[{""mins"":11,""secs"":31}]",Legs were toast from yesterday,RX,
05/28/2026,SKILL - Pistols,Spend 12:00 practicing pistols.Rate how it felt.,4,4,Emoji Selection,,"[{""index"":4}]",,RX,
05/29/2026,Friday - 5.29.2026,FOR TIME:21-15-9Thrusters 95#/65#Deadlifts 225#/155#,469,7:49,,,"[{""mins"":7,""secs"":49}]",,RX,
06/04/2026,SKILL - Handstands,Spend 12:00 practicing handstands.Rate how it felt.,2,2,Emoji Selection,,"[{""index"":2}]",Shoulder felt good again finally,RX,
06/06/2026,Saturday - 6.6.2026,"10:00 AMRAP6 Overhead Squats 95#/65#14 Box Jumps 24""/20""14 Toes-to-Bar",301,301,Reps,,"[{""reps"":301}]",,RX,
06/09/2026,Tuesday - 6.9.2026,FOR TIME:21-15-9Overhead Squats 95#/65#Push-Ups,340,5:40,,,"[{""mins"":5,""secs"":40}]",,RX,
06/10/2026,Bench Press 5x3,"5 sets of 3 reps.Across, building from last week.",165,165,Load,Bench Press,"[{""load"":145,""success"":true},{""load"":150,""success"":true},{""load"":155,""success"":true}]",,RX,
06/11/2026,Thursday - 6.11.2026,"FOR TIME:50 Box Jumps 24""/20""40 Single Unders30 Cal Row20 Burpees10 Power Cleans 135#/95#",1431,23:51,,,"[{""mins"":23,""secs"":51}]",That one hurt. In a good way.,RX,
06/15/2026,Monday - 6.15.2026,12:00 EMOMMinute 1: 30 Air SquatsMinute 2: 9 Overhead Squats 95#/65#Minute 3: 200m RunMinute 4: Rest,1,Yes,Checkbox,,"[{""boolean"":1}]",,RX,
06/20/2026,Saturday - 6.20.2026,20:00 AMRAP18 Cal Ski7 HPC 115#/75#18 DB Snatches 50#/35#,3,3+6,Rounds + Reps,,"[{""rnds"":3,""reps"":6}]","Went out too hot, paid for it on round 3",RX,
06/23/2026,Tuesday - 6.23.2026,FOR TIME:4 Rounds:27 Sit-Ups18 Cal Row33 Double Unders*15:00 TIME CAP,1066,17:46,,,"[{""mins"":17,""secs"":46}]",Went lighter to keep moving the whole time,SCALED,
06/24/2026,Wednesday - 6.24.2026,"FOR TIME:5 Rounds:14 Push-Ups43 Double Unders14 Box Step-Ups 24""/20""",791,13:11,,,"[{""mins"":13,""secs"":11}]","Paced the row, sprinted the finish",RX,
06/26/2026,Deadlift 3x3,"3 sets of 3 reps.Across, building from last week.",285,285,Load,Deadlift,"[{""load"":275,""success"":true},{""load"":280,""success"":true},{""load"":285,""success"":true}]",,RX,
07/01/2026,Power Clean 3x5,"3 sets of 5 reps.Across, building from last week.",165,165,Load,Power Clean,"[{""load"":155,""success"":true},{""load"":160,""success"":true},{""load"":165,""success"":true}]",Bar speed felt great on all three sets,RX,
